1,2,2,6/25/2025,Emi Ito,emi.ito@example.com
2,5,5,6/24/2025,Taro Yamada,taro.yamada@example.com
3,1,1,6/25/2025,Sakura Kato,sakura.kato@example.com
4,12,3,6/23/2025,Ryo Tanaka,ryo.tanaka@example.com
5,16,1,6/22/2025,Yuki Tanaka,yuki.tanaka@example.com
6,22,2,6/21/2025,Kaito Suzuki,kaito.suzuki@example.com
7,26,4,6/20/2025,Mio Sato,mio.sato@example.com
8,30,1,6/19/2025,Haruto Yamamoto,haruto.y@example.com
9,36,6,6/18/2025,Aoi Kobayashi,aoi.k@example.com
10,40,2,6/17/2025,Sora Ito,sora.ito@example.com
11,43,1,6/16/2025,Rina Watanabe,rina.w@example.com
12,4,2,6/25/2025,Daichi Nakamura,daichi.n@example.com
13,8,3,6/24/2025,Hinata Takahashi,hinata.t@example.com
14,14,5,6/23/2025,Yuto Mori,yuto.mori@example.com
15,19,1,6/22/2025,Kokoro Kato,kokoro.kato@example.com
16,24,2,6/21/2025,Yuma Ishikawa,yuma.i@example.com
17,28,4,6/20/2025,Leo Tanaka,leo.tanaka@example.com
18,33,1,6/19/2025,Mei Suzuki,mei.s@example.com
19,37,3,6/18/2025,Kento Yamamoto,kento.y@example.com
20,41,6,6/17/2025,Nana Kobayashi,nana.k@example.com
21,3,1,6/25/2025,Takeru Sato,takeru.sato@example.com
22,6,2,6/24/2025,Miki Ito,miki.ito@example.com
23,10,4,6/23/2025,Shota Nakamura,shota.n@example.com
24,15,3,6/22/2025,Riku Tanaka,riku.tanaka@example.com
25,18,1,6/21/2025,Mao Watanabe,mao.w@example.com
26,23,5,6/20/2025,Sota Yamamoto,sota.y@example.com
27,27,2,6/19/2025,Yuna Takahashi,yuna.t@example.com
28,31,1,6/18/2025,Haruki Mori,haruki.mori@example.com
29,35,4,6/17/2025,Yui Suzuki,yui.s@example.com
30,39,3,6/16/2025,Koki Tanaka,koki.tanaka@example.com
31,7,2,6/25/2025,Yuna Nakamura,yuna.nakamura@example.com
32,11,5,6/24/2025,Akari Takahashi,akari.t@example.com
33,13,1,6/23/2025,Hiroshi Kobayashi,hiroshi.k@example.com
34,17,1,6/22/2025,Yuki Mori,yuki.mori@example.com
35,21,4,6/21/2025,Takumi Inoue,takumi.i@example.com
36,25,2,6/20/2025,Mio Shimizu,mio.shimizu@example.com
37,29,3,6/19/2025,Hina Takahashi,hina.takahashi@example.com
38,32,5,6/18/2025,Ryota Kato,ryota.kato@example.com
39,38,1,6/17/2025,Sakura Yoshida,sakura.y@example.com
40,42,2,6/16/2025,Kaito Yamada,kaito.yamada@example.com
41,9,3,6/25/2025,Yuma Kimura,yuma.kimura@example.com
42,2,1,6/24/2025,Mai Sato,mai.sato@example.com
43,5,4,6/23/2025,Ren Yamamoto,ren.yamamoto@example.com
44,12,2,6/22/2025,Yui Suzuki,yui.suzuki@example.com
45,16,1,6/21/2025,Sota Ito,sota.ito@example.com
46,26,5,6/20/2025,Haruto Watanabe,haruto.w@example.com
47,30,2,6/19/2025,Aoi Ito,aoi.ito@example.com
48,36,3,6/18/2025,Hinata Tanaka,hinata.tanaka@example.com
49,40,4,6/17/2025,Riku Hayashi,riku.hayashi@example.com
50,43,2,6/16/2025,Takumi Inoue,takumi.i@example.com
